ime,opis,cena
Ragdoll mucki,Ragdoll mucki,"350,00"
Podarim mucka,Podarim mucka,Podarim
Mladi mucki,Mladi mucki,Podarim
Dolgodlake muce,Dolgodlake muce,"70,00"
Gusarka Loti (DZZŽ Kranj),Gusarka Loti (DZZŽ Kranj),Po dogovoru
"Čudovita, prijazna, mehka Manca (DZZŽ Kranj)","Čudovita, prijazna, mehka Manca (DZZŽ Kranj)",Po dogovoru
Nežni velikan Oktan (DZZŽ Kranj),Nežni velikan Oktan (DZZŽ Kranj),Po dogovoru
Princeska Lili (DZZŽ Kranj),Princeska Lili (DZZŽ Kranj),Po dogovoru
MLADIČKI,MLADIČKI,Podarim
Podarimo mlade mucke,Podarimo mlade mucke,Podarim
Podarimo muce,Podarimo muce,Podarim
Maine coon mačka,Maine coon mačka,"400,00"
Siamski mucek,Siamski mucek,Po dogovoru
mladi mucki,mladi mucki,Podarim
Oddamo mlado muco in mucka,Oddamo mlado muco in mucka,Podarim
Oddam/podarim mlade muce,Oddam/podarim mlade muce,Podarim
VRHUNSKI MAČJI MLADIČKI PASME MAINE COON,VRHUNSKI MAČJI MLADIČKI PASME MAINE COON,Po dogovoru
Podarim dve 3-mesečni muci,Podarim dve 3-mesečni muci,Podarim
Igriv zelo mlad črn mucek išče topel dom,Igriv zelo mlad črn mucek išče topel dom,Podarim
MUCKI,MUCKI,Podarim
